{
    "model_name": "Random Forest",
    "accuracy": 0.7572746628814763,
    "precision": 0.530188679245283,
    "recall": 0.7513368983957219,
    "f1_score": 0.6216814159292036,
    "roc_auc": 0.8364256374486555,
    "confusion_matrix": [
        [
            786,
            249
        ],
        [
            93,
            281
        ]
    ],
    "cv_results": {
        "accuracy_mean": 0.7731647389050609,
        "precision_mean": 0.5559979464641417,
        "recall_mean": 0.7204013377926421,
        "f1_mean": 0.6275069526139156,
        "roc_auc_mean": 0.8438335547729512,
        "accuracy_std": 0.011253195753673824,
        "precision_std": 0.016599491479075086,
        "recall_std": 0.028816935422793316,
        "f1_std": 0.020146482461428694,
        "roc_auc_std": 0.011234368959343323
    }
}