{
    "accuracy": 0.7629524485450674,
    "precision": 0.545662100456621,
    "recall": 0.6390374331550802,
    "f1_score": 0.5886699507389163,
    "roc_auc": 0.8228977757110749,
    "avg_precision": 0.6144806941452567,
    "true_negatives": 