Model,Accuracy,Precision,Recall,F1-Score,ROC-AUC,CV_F1_Mean,CV_ROC_AUC_Mean
Random Forest,0.7572746628814763,0.530188679245283,0.7513368983957219,0.6216814159292036,0.8364256374486555,0.6275069526139156,0.8438335547729512
Gradient Boosting,0.7608232789212207,0.5383022774327122,0.6951871657754011,0.6067677946324388,0.8272895192332532,0.5611505837228028,0.8386917994234736
Logistic Regression,0.7537260468417317,0.5270541082164328,0.7032085561497327,0.6025200458190149,0.8316076364669716,0.6286208312811598,0.8472706338713702
LightGBM,0.7565649396735273,0.5320910973084886,0.6871657754010695,0.5997666277712952,0.8260817897646544,0.6250087656692689,0.8394109018468138
XGBoost,0.7494677075940384,0.5208747514910537,0.7005347593582888,0.5974914481185861,0.8274638972848691,0.5749602299605187,0.8395630254624205
